ID,ssn
2,213-21-3564
3,236-10-5542
4,251-67-1413
5,551-12-9616
6,601-28-5870
7,680-30-3400
8,163-18-1061
9,167-72-3807
10,563-52-1384
11,534-72-7183
12,610-22-6336
13,444-10-0689
14,375-62-2101
15,002-14-7112
16,370-36-1518
17,588-04-2004
18,346-50-8410
19,375-28-2072
20,003-76-0042
21,384-07-2245
22,225-79-5525
23,002-01-7104
24,769-12-2302
25,554-25-7194
26,227-85-5743
27,531-96-8222
28,363-38-2964
29,365-07-1185
30,240-15-9664
31,539-12-5874
32,282-03-3068
33,266-44-6921
34,625-10-3422
35,591-20-3269
36,184-52-6653
37,650-18-5670
38,239-73-1363
39,051-20-3438
40,768-18-2640
41,494-58-9090
42,260-41-7009
43,533-24-0254
44,131-09-3108
45,233-03-5647
46,560-27-5888
47,063-40-6446
48,617-15-2024
49,368-01-2433
50,097-62-7422
51,270-18-7070
52,377-34-7884
53,023-44-0099
54,771-03-1643
55,426-08-2679
56,616-04-6449
57,622-82-4708
58,633-54-7753
59,424-14-7755
60,042-20-1242
61,192-26-7357
62,076-20-1490
63,258-56-5442
64,488-90-5460
65,431-90-8203
66,566-18-5659
67,620-58-2954
68,595-11-5107
69,402-36-5258
70,467-66-5861
71,561-18-8214
72,241-66-7387
73,470-16-4667
74,480-26-7444
75,063-24-6446
76,575-24-4233
77,175-10-8583
78,224-82-7003
79,558-10-1770
80,331-76-7552
81,652-22-8396
82,622-15-4716
83,681-01-7026
84,408-90-4362
85,172-64-6731
86,650-30-5652
87,323-20-0478
88,457-22-6425
89,208-07-6832
90,214-82-0044
91,551-56-9631
92,164-64-5182
93,630-03-7784
94,460-75-4573
95,269-76-5662
96,576-86-5358
97,148-44-5431
98,650-05-5673
99,254-57-7639
100,307-56-2498
101,099-46-8883
102,681-01-6615
103,286-54-2711
104,637-72-8640
105,456-14-2519
106,682-01-7477
107,237-66-7629
108,541-20-0900
109,388-88-4875
110,171-62-0896
111,351-90-4387
112,182-26-7283
113,512-40-6361
114,442-42-0012
115,221-34-9000
116,390-86-7172
117,764-28-3358
118,367-10-0347
119,545-02-1752
120,033-44-8380
121,156-64-6034
122,284-56-9229
123,431-02-8211
124,416-04-3541
125,548-22-2533
126,467-06-5840
127,621-54-1703
128,683-03-0508
129,372-94-5728
130,364-28-4185
131,488-07-5472
132,448-58-2956
133,672-10-3326
134,138-12-0138
135,148-03-5427
136,478-50-6850
137,452-59-1728
138,688-03-2837
139,363-40-2967
140,289-02-8548
141,010-44-3163
142,277-03-0233
143,766-20-6560
144,520-56-0776
145,542-13-3523
146,452-85-1730
147,171-26-0903
148,532-74-4111
149,427-57-7847
150,461-84-0098
151,531-28-8246
152,275-58-1890
153,403-52-5878
154,033-01-8376
155,272-76-4018
156,109-01-1696
157,087-28-8782
158,217-55-1586
159,485-64-3416
160,637-72-8613
161,595-07-5113
162,248-18-6510
163,663-01-0816
164,071-76-0721
165,416-01-3545
166,463-32-4671
167,764-10-3399
168,526-20-9381
169,423-26-3422
170,129-60-6569
171,468-04-2576
172,388-24-4861
173,160-40-2580
174,558-02-1786
175,412-91-7545
176,647-05-5084
177,657-09-4015
178,364-04-4171
179,246-48-3568
180,267-26-5267
181,030-58-0319
182,253-22-3657
183,651-10-8663
184,535-26-9574
185,420-56-8655
186,765-36-4446
187,223-59-0391
188,592-13-3833
189,520-64-0792
190,246-12-3583
191,310-03-7553
192,143-76-3260
193,141-56-7128
194,630-07-7791
195,373-74-0143
196,535-12-9578
197,595-16-5098
198,232-10-5640
199,225-52-5526
200,086-84-9715
201,174-76-9647
202,555-46-3135
203,306-22-6160
204,088-22-3117
205,680-26-3405
206,544-01-6664
207,458-29-7853
208,380-48-5219
209,263-38-3475
210,644-36-2554
211,432-88-7597
212,392-78-4336
213,418-05-3334
214,111-54-7235
215,079-03-3864
216,567-32-6727
217,538-13-8846
218,271-32-1251
219,260-97-7007
220,610-18-6380
221,407-33-4940
222,304-38-2302
223,232-82-5624
224,414-28-8630
225,273-82-8308
226,340-07-9068
227,052-46-2452
228,479-18-7997
229,541-06-0891
230,430-75-3973
231,687-01-8859
232,057-10-3456
233,046-66-2195
234,590-34-5658
235,361-54-1823
236,502-90-0606
237,633-42-7751
238,617-06-2025
239,478-18-6857
240,587-25-9780
241,233-72-5623
242,503-18-8316
243,609-31-3534
244,348-22-6184
245,594-09-2476
246,671-12-5483
247,621-70-1735
248,564-40-3052
249,765-22-4505
250,305-19-7048
251,094-52-4591
252,568-29-4442
253,443-03-2439
254,262-10-7946
255,424-90-7736
256,285-90-2225
257,676-05-4085
258,226-43-4460
259,503-62-8306
260,245-37-6347
261,390-92-7166
262,369-76-0062
263,343-70-4952
264,771-09-1665
265,423-52-3422
266,546-65-7149
267,535-30-9560
268,512-94-6391
269,460-40-4578
270,559-81-1941
271,520-17-0786
272,337-50-2182
273,095-44-6934
274,213-69-3563
275,561-04-8219
276,436-33-1517
277,483-27-8076
278,091-44-7088
279,616-70-6454
280,308-27-8903
281,038-36-6594
282,545-61-1754
283,690-01-2285
284,573-12-3111
285,450-42-6464
286,207-30-2649
287,400-25-5610
288,561-66-8221
289,387-18-8503
290,037-24-2096
291,329-74-8349
292,307-94-2487
293,265-61-7056
294,016-12-1700
295,275-28-1889
296,660-07-2367
297,630-01-7792
298,388-01-4885
299,400-11-5610
300,579-09-3357
301,410-67-1712
302,286-12-2697
303,585-17-6995
304,464-29-1933
305,601-12-5892
306,307-01-2490
307,427-62-7858
308,622-22-4715
309,461-47-0112
310,585-03-6989
311,620-20-2954
312,643-66-7044
313,095-68-6934
314,491-38-0641
315,687-03-8775
316,453-02-8819
317,233-68-5626
318,512-96-6363
319,444-60-0699
320,538-66-8825
321,646-52-8842
322,626-18-4966
323,256-43-1915
324,645-56-8093
325,298-54-9019
326,621-50-1723
327,222-62-6397
328,406-52-4513
329,274-98-2730
330,535-25-9568
331,112-62-7563
332,174-05-9664
333,343-22-4940
334,178-58-4381
335,462-66-1099
336,477-46-0839
337,686-01-4603
338,390-24-7202
339,423-09-3418
340,505-15-3391
341,402-32-5277
342,679-03-5238
343,461-94-0091
344,372-52-5725
345,486-76-4196
346,283-64-0442
347,267-57-5267
348,380-94-5205
349,408-16-4376
350,641-42-3648
351,364-44-4144
352,261-23-3503
353,687-05-8494
354,124-32-8419
355,606-05-7033
356,465-61-9641
357,334-74-5855
358,458-91-7850
359,510-26-5272
360,223-79-0383
361,767-18-2135
362,594-72-2474
363,767-16-2194
364,341-24-0044
365,504-46-2874
366,015-82-5510
367,053-74-7877
368,311-66-5315
369,441-02-8925
370,517-50-9406
371,577-50-9378
372,608-54-1684
373,682-01-6856
374,030-44-0335
375,146-24-6635
376,232-09-5636
377,611-14-3256
378,018-38-7254
379,009-14-8074
380,547-27-4411
381,038-52-6622
382,608-08-1693
383,414-45-8659
384,146-14-6640
385,542-29-3528
386,536-11-7772
387,490-46-4666
388,061-70-1780
389,675-03-4226
390,300-42-7258
391,637-50-8593
392,385-18-8276
393,662-07-8864
394,094-78-4576
395,617-16-2058
396,513-21-3521
397,467-10-5860
398,308-40-8904
399,401-66-7837
400,377-14-7868
401,132-42-2498
402,622-74-4679
403,283-44-0444
404,286-38-2698
405,258-10-5443
406,594-53-2478
407,530-08-5479
408,644-60-2535
409,540-26-3099
410,333-03-0018
411,143-82-3281
412,019-20-0099
413,085-46-2606
414,045-50-6420
415,604-16-8597
416,339-05-2341
417,604-80-8598
418,184-66-6635
419,672-03-3331
420,011-01-5367
421,466-55-2315
422,224-42-7022
423,551-71-9615
424,626-26-4955
425,690-01-2407
426,307-02-2491
427,540-15-3106
428,250-72-4056
429,358-50-7125
430,579-88-3359
431,372-36-5733
432,435-38-7396
433,477-04-0846
434,497-76-5744
435,585-51-6993
436,646-36-8871
437,553-51-6700
438,020-54-4573
439,669-14-7155
440,391-54-2305
441,508-92-0781
442,175-62-8576
443,670-03-0626
444,606-29-7011
445,602-54-8270
446,461-28-0087
447,262-57-7925
448,438-57-7407
449,503-05-8323
450,567-69-6712
451,379-24-4894
452,655-03-5877
453,480-66-7478
454,238-17-1885
455,165-64-3527
456,115-05-7466
457,649-03-9165
458,509-94-3340
459,266-28-6900
460,234-28-8692
461,357-90-5100
462,083-48-9377
463,374-86-7959
464,364-09-4177
465,595-34-5119
466,189-40-8089
467,227-42-5781
468,067-28-1275
469,536-03-7773
470,478-16-6852
471,267-28-5261
472,145-70-4258
473,421-96-8298
474,643-54-7005
475,325-34-5867
476,219-84-6166
477,196-78-1787
478,121-07-4468
479,351-84-4397
480,402-32-5250
481,570-24-3980
482,627-78-4888
483,143-30-3258
484,365-40-1160
485,667-09-8094
486,147-70-5918
487,148-14-5466
488,294-10-4435
489,088-10-3112
490,564-29-3053
491,332-74-0989
492,398-62-4290
493,270-80-7059
494,232-52-5676
495,307-12-2497
496,633-10-7740
497,539-64-5884
498,678-05-1487
499,647-38-5076
500,295-82-2029
501,656-05-7012
502,121-32-4459
503,626-33-4962
504,561-91-8216
505,767-10-2153
506,600-98-1473
507,237-90-7622
508,686-01-4463
509,590-10-5655
510,114-56-6661
511,002-58-7109
512,403-24-5889
513,526-35-9361
514,188-40-2236
515,667-16-8101
516,682-01-6868
517,263-70-3466
518,470-08-4662
519,567-66-6740
520,314-27-1633
521,556-98-8562
522,234-50-8687
523,684-01-6200
524,229-05-5129
525,559-49-1932
526,072-28-2908
527,219-43-6153
528,342-12-4200
529,169-82-5200
530,259-46-2790
531,405-76-9302
532,680-34-3421
533,661-07-4317
534,538-72-8836
535,160-60-2552
536,117-72-0120
537,544-18-6673
538,365-94-1170
539,647-36-5089
540,128-72-1327
541,477-30-0857
542,282-78-3099
543,345-68-4647
544,099-30-8859
545,284-82-9230
546,490-02-4652
547,612-02-4958
548,512-26-6367
549,142-01-2568
550,557-33-5715
551,130-14-2074
552,273-09-8312
553,559-85-1940
554,434-40-7803
555,602-96-8260
556,552-57-2610
557,369-03-0049
558,109-07-1680
559,498-76-5202
560,389-22-4290
561,319-88-8184
562,643-22-7013
563,154-42-3461
564,444-18-0716
565,376-09-1125
566,614-66-8378
567,488-66-5473
568,048-16-5164
569,411-68-4291
570,207-68-2637
571,617-82-2033
572,527-52-2984
573,544-12-6668
574,002-64-7144
575,375-40-2066
576,443-40-2447
577,255-43-4876
578,300-60-7257
579,439-29-4588
580,644-10-2556
581,522-62-6703
582,496-42-4255
583,316-90-4712
584,047-14-9507
585,377-18-7879
586,463-98-4674
587,487-16-3816
588,619-78-3539
589,503-10-8304
590,236-10-5533
591,156-88-6031
592,637-07-8620
593,351-74-4398
594,370-56-1517
595,376-60-1097
596,415-04-5027
597,495-24-8696
598,471-30-1622
599,214-35-0048
600,680-46-3480
601,635-18-8008
602,652-28-8391
603,630-70-7751
604,403-40-5889
605,615-46-8911
606,390-24-7170
607,052-86-2451
608,517-26-9417
609,559-41-1938
610,449-53-3215
611,545-94-1734
612,326-28-4836
613,050-48-4423
614,230-67-7401
615,263-18-3474
616,671-03-5576
617,104-86-5583
618,507-92-0053
619,080-22-4948
620,767-26-2105
621,147-92-5910
622,470-09-4656
623,399-96-8666
624,157-12-8455
625,657-05-4019
626,160-05-2558
627,559-34-1933
628,543-56-9034
629,532-29-4118
630,082-76-2681
631,264-61-4269
632,133-20-6190
633,127-14-3952
634,262-24-7939
635,260-25-7014
636,454-47-6900
637,440-46-2251
638,071-10-0745
639,680-40-3418
640,218-32-0141
641,557-21-5713
642,501-94-9324
643,262-27-7927
644,099-14-8869
645,475-28-3765
646,511-18-9248
647,153-04-4911
648,415-32-5049
649,575-39-4207
650,506-54-9774
651,428-33-6561
652,049-42-3626
653,437-70-2639
654,399-32-8675
655,509-05-3321
656,100-60-6845
657,073-62-5392
658,771-01-1609
659,137-26-9037
660,511-90-9253
661,767-03-2278
662,007-76-2629
663,644-09-2549
664,424-52-7767
665,008-14-3824
666,640-72-9496
667,214-18-0059
668,309-28-6584
669,508-31-0782
670,665-01-4286
671,432-69-7597
672,521-58-4949
673,548-52-2553
674,350-54-0698
675,610-42-6353
676,177-52-9460
677,600-26-1493
678,660-03-2637
679,015-40-5513
680,414-03-8611
681,003-12-0072
682,406-44-4516
683,609-66-3552
684,447-84-8943
685,406-34-4557
686,475-90-3767
687,621-16-1720
688,213-94-3556
689,558-09-1789
690,190-46-7873
691,147-86-5907
692,450-42-6459
693,600-64-1494
694,401-28-7848
695,153-44-4902
696,231-07-0712
697,308-05-8906
698,477-21-0840
699,247-90-8535
700,237-03-7637
701,593-26-9013
702,591-14-3281
703,667-05-8078
704,398-78-4295
705,569-02-6201
706,329-12-8355
707,330-76-6208
708,587-42-9759
709,501-54-9309
710,445-42-0190
711,413-51-8605
712,478-28-6849
713,110-28-4194
714,258-76-5428
715,622-12-4700
716,251-37-1414
717,341-74-0036
718,448-04-2956
719,112-34-7561
720,410-56-1728
721,401-07-7848
722,200-40-1767
723,046-14-2195
724,277-92-0228
725,229-58-5133
726,382-16-4221
727,462-12-1120
728,295-03-2037
729,514-68-3840
730,386-76-8618
731,488-12-5469
732,083-50-9375
733,169-54-5211
734,535-98-9567
735,426-38-2691
736,570-40-3963
737,265-13-7056
738,400-22-5623
739,611-60-3275
740,208-12-6823
741,337-34-2178
742,088-56-3118
743,767-01-2211
744,622-18-4701
745,679-01-5597
746,343-24-4946
747,225-01-5512
748,531-12-8221
749,220-72-0578
750,432-67-7596
751,576-24-5351
752,546-20-7159
753,080-74-4950
754,342-64-4198
755,772-07-8371
756,482-98-3483
757,455-20-6258
758,574-72-4995
759,410-47-1737
760,446-80-8248
761,192-68-7342
762,051-22-3423
763,251-32-1424
764,266-40-6928
765,422-23-4741
766,257-57-6676
767,433-18-5123
768,165-46-3511
769,315-80-7789
770,591-24-3270
771,300-54-7255
772,549-48-6194
773,517-46-9392
774,228-36-6836
775,268-44-7281
776,074-03-0917
777,350-01-0717
778,472-17-2098
779,541-20-0890
780,140-26-7018
781,275-34-1884
782,209-12-0566
783,576-59-5349
784,569-82-6199
785,609-18-3562
786,297-72-8184
787,250-15-4052
788,678-05-1527
789,678-01-1522
790,556-19-8517
791,265-61-7054
792,230-26-7401
793,260-24-7022
794,175-60-8577
795,615-24-8895
796,388-08-4876
797,571-13-6219
798,682-01-7509
799,511-32-9246
800,064-58-7817
801,189-22-8076
802,032-72-9556
803,537-13-5081
804,043-46-7229
805,633-46-7747
806,258-80-5436
807,257-87-6670
808,303-16-5900
809,484-72-4314
810,149-07-5394
811,244-29-8914
812,531-35-8235
813,429-06-7312
814,594-86-2473
815,642-84-4709
816,229-48-5129
817,679-01-5559
818,487-84-3808
819,468-76-2578
820,550-03-7092
821,396-22-7206
822,057-46-3467
823,386-80-8644
824,269-58-5644
825,547-26-4398
826,594-24-2499
827,008-60-3816
828,485-01-3400
829,416-24-3558
830,315-82-7798
831,001-38-4065
832,632-24-2425
833,195-03-7954
834,035-42-5400
835,559-24-1941
836,248-40-6516
837,522-64-6698
838,351-78-4404
839,300-12-7267
840,241-19-7386
841,173-76-3181
842,266-26-6908
843,254-74-7631
844,615-22-8921
845,379-42-4909
846,526-77-9369
847,412-34-7544
848,291-34-0947
849,488-60-5472
850,073-74-5380
851,504-86-2863
852,269-52-5651
853,660-09-2357
854,391-70-2298
855,501-52-9313
856,252-34-2657
857,649-24-9127
858,527-58-2978
859,296-58-6846
860,611-06-3304
861,386-72-8631
862,571-32-6220
863,577-86-9378
864,217-16-1571
865,236-92-5539
866,536-66-7761
867,220-03-0598
868,484-96-4330
869,265-39-7055
870,609-70-3568
871,587-24-9772
872,041-98-0439
873,417-15-3151
874,378-29-0099
875,441-74-8946
876,489-84-6143
877,769-05-2150
878,350-20-0689
879,540-05-3106
880,523-45-2540
881,400-28-5614
882,688-03-2766
883,383-11-0274
884,684-01-6223
885,570-50-3975
886,538-52-8830
887,625-92-3424
888,557-23-5723
889,215-20-2408
890,681-01-7075
891,477-46-0856
892,644-76-2550
893,377-26-7885
894,239-11-1364
895,503-88-8310
896,448-08-2959
897,279-12-0071
898,464-70-1917
899,302-20-3545
900,229-42-5134
901,077-46-1558
902,228-24-6826
903,501-42-9331
904,299-07-6255
905,104-66-5589
906,629-07-4950
907,560-15-5889
908,405-68-9299
909,173-24-3187
910,619-46-3539
911,254-12-7627
912,363-70-2960
913,610-33-6335
914,394-02-7080
915,412-47-7561
916,670-09-0584
917,068-74-8236
918,670-05-0646
919,429-33-7314
920,487-68-3812
921,384-20-2235
922,460-04-4579
923,508-12-0770
924,537-40-5070
925,765-28-4526
926,439-62-4585
927,238-96-1885
928,620-08-2944
929,627-32-4912
930,631-38-4610
931,400-80-5640
932,091-12-7094
933,552-62-2602
934,301-28-8196
935,500-52-8321
936,224-42-7038
937,410-33-1725
938,554-60-7188
939,250-29-4071
940,772-20-8560
941,554-66-7187
942,267-08-5247
943,186-38-3503
944,278-38-3671
945,609-80-3545
946,571-12-6235
947,461-78-0093
948,476-15-1463
949,250-02-4043
950,331-46-7561
951,353-28-8620
952,400-51-5606
953,321-22-6413
954,444-76-0718
955,527-56-2976
956,060-24-3344
957,555-18-3138
958,010-78-3163
959,566-71-5666
960,626-48-4987
961,283-20-0446
962,183-66-3222
963,410-30-1710
964,221-05-9042
965,538-35-8848
966,411-83-4267
967,180-20-0064
968,400-04-5625
969,537-78-5071
970,285-14-2213
971,503-22-8316
972,414-57-8615
973,472-48-2109
974,481-30-3066
975,605-02-1795
976,127-58-3956
977,101-32-7272
978,232-03-5658
979,147-12-5923
980,536-96-7795
981,270-34-7070
982,639-32-3849
983,448-38-2990
984,030-01-0331
985,400-21-5627
986,346-09-8414
987,235-78-5365
988,411-43-4270
989,107-66-1908
990,228-74-6829
991,387-04-8488
992,309-68-6573
993,104-80-5585
994,683-03-0524
995,469-25-9805
996,568-96-4436
997,680-38-3494
998,605-23-1796
999,435-38-7399
1000,483-38-8073
1001,223-76-0400
