563-52-1384,C1_2030
307-56-2498,C2_2030
483-38-8073,C3_2030
223-76-0400,C4_2030
099-46-8883,C5_2030
681-01-6615,C6_2030
286-54-2711,C7_2030
637-72-8640,C8_2030
456-14-2519,C9_2030
682-01-7477,C10_2030
237-66-7629,C11_2030
541-20-0900,C12_2030
388-88-4875,C13_2030
534-72-7183,C14_2030
171-62-0896,C15_2030
351-90-4387,C16_2030
182-26-7283,C17_2030
512-40-6361,C18_2030
442-42-0012,C19_2030
221-34-9000,C20_2030
390-86-7172,C21_2030
764-28-3358,C22_2030
367-10-0347,C23_2030
545-02-1752,C24_2030
610-22-6336,C25_2030
033-44-8380,C26_2030
156-64-6034,C27_2030
284-56-9229,C28_2030
431-02-8211,C29_2030
416-04-3541,C30_2030
548-22-2533,C31_2030
467-06-5840,C32_2030
621-54-1703,C33_2030
683-03-0508,C34_2030
372-94-5728,C35_2030
444-10-0689,C36_2030
364-28-4185,C37_2030
488-07-5472,C38_2030
448-58-2956,C39_2030
672-10-3326,C40_2030
138-12-0138,C41_2030
148-03-5427,C42_2030
478-50-6850,C43_2030
452-59-1728,C44_2030
688-03-2837,C45_2030
363-40-2967,C46_2030
375-62-2101,C47_2030
289-02-8548,C48_2030
010-44-3163,C49_2030
277-03-0233,C50_2030
766-20-6560,C51_2030
520-56-0776,C52_2030
542-13-3523,C53_2030
452-85-1730,C54_2030
171-26-0903,C55_2030
532-74-4111,C56_2030
427-57-7847,C57_2030
002-14-7112,C58_2030
461-84-0098,C59_2030
531-28-8246,C60_2030
275-58-1890,C61_2030
403-52-5878,C62_2030
033-01-8376,C63_2030
272-76-4018,C64_2030
109-01-1696,C65_2030
087-28-8782,C66_2030
217-55-1586,C67_2030
485-64-3416,C68_2030
370-36-1518,C69_2030
637-72-8613,C70_2030
595-07-5113,C71_2030
248-18-6510,C72_2030
663-01-0816,C73_2030
071-76-0721,C74_2030
416-01-3545,C75_2030
463-32-4671,C76_2030
764-10-3399,C77_2030
526-20-9381,C78_2030
423-26-3422,C79_2030
588-04-2004,C80_2030
129-60-6569,C81_2030
468-04-2576,C82_2030
388-24-4861,C83_2030
160-40-2580,C84_2030
558-02-1786,C85_2030
412-91-7545,C86_2030
647-05-5084,C87_2030
657-09-4015,C88_2030
364-04-4171,C89_2030
246-48-3568,C90_2030
346-50-8410,C91_2030
267-26-5267,C92_2030
030-58-0319,C93_2030
253-22-3657,C94_2030
651-10-8663,C95_2030
535-26-9574,C96_2030
420-56-8655,C97_2030
765-36-4446,C98_2030
223-59-0391,C99_2030
592-13-3833,C100_2030
520-64-0792,C101_2030
375-28-2072,C102_2030
246-12-3583,C103_2030
310-03-7553,C104_2030
143-76-3260,C105_2030
141-56-7128,C106_2030
630-07-7791,C107_2030
373-74-0143,C108_2030
535-12-9578,C109_2030
595-16-5098,C110_2030
232-10-5640,C111_2030
225-52-5526,C112_2030
213-21-3564,C113_2030
003-76-0042,C114_2030
086-84-9715,C115_2030
174-76-9647,C116_2030
555-46-3135,C117_2030
306-22-6160,C118_2030
088-22-3117,C119_2030
680-26-3405,C120_2030
544-01-6664,C121_2030
458-29-7853,C122_2030
380-48-5219,C123_2030
263-38-3475,C124_2030
384-07-2245,C125_2030
644-36-2554,C126_2030
432-88-7597,C127_2030
392-78-4336,C128_2030
418-05-3334,C129_2030
111-54-7235,C130_2030
079-03-3864,C131_2030
567-32-6727,C132_2030
538-13-8846,C133_2030
271-32-1251,C134_2030
260-97-7007,C135_2030
225-79-5525,C136_2030
610-18-6380,C137_2030
407-33-4940,C138_2030
304-38-2302,C139_2030
232-82-5624,C75_2030
414-28-8630,C140_2030
273-82-8308,C141_2030
340-07-9068,C142_2030
052-46-2452,C143_2030
479-18-7997,C144_2030
541-06-0891,C145_2030
002-01-7104,C146_2030
430-75-3973,C147_2030
687-01-8859,C148_2030
057-10-3456,C149_2030
046-66-2195,C150_2030
590-34-5658,C151_2030
361-54-1823,C152_2030
502-90-0606,C153_2030
633-42-7751,C154_2030
617-06-2025,C155_2030
478-18-6857,C156_2030
769-12-2302,C157_2030
587-25-9780,C158_2030
233-72-5623,C159_2030
503-18-8316,C160_2030
609-31-3534,C161_2030
348-22-6184,C162_2030
594-09-2476,C163_2030
671-12-5483,C164_2030
621-70-1735,C165_2030
564-40-3052,C166_2030
765-22-4505,C167_2030
554-25-7194,C168_2030
305-19-7048,C169_2030
094-52-4591,C170_2030
568-29-4442,C171_2030
443-03-2439,C172_2030
262-10-7946,C173_2030
424-90-7736,C174_2030
285-90-2225,C175_2030
676-05-4085,C176_2030
226-43-4460,C177_2030
503-62-8306,C178_2030
227-85-5743,C179_2030
245-37-6347,C180_2030
390-92-7166,C181_2030
369-76-0062,C182_2030
343-70-4952,C183_2030
771-09-1665,C184_2030
423-52-3422,C185_2030
546-65-7149,C186_2030
535-30-9560,C187_2030
512-94-6391,C188_2030
460-40-4578,C189_2030
531-96-8222,C190_2030
559-81-1941,C191_2030
520-17-0786,C101_2030
337-50-2182,C192_2030
095-44-6934,C193_2030
213-69-3563,C194_2030
561-04-8219,C195_2030
436-33-1517,C196_2030
483-27-8076,C197_2030
091-44-7088,C198_2030
616-70-6454,C117_2030
363-38-2964,C199_2030
308-27-8903,C200_2030
038-36-6594,C201_2030
545-61-1754,C202_2030
690-01-2285,C203_2030
573-12-3111,C204_2030
450-42-6464,C205_2030
207-30-2649,C206_2030
400-25-5610,C207_2030
561-66-8221,C208_2030
387-18-8503,C209_2030
365-07-1185,C210_2030
037-24-2096,C211_2030
329-74-8349,C212_2030
307-94-2487,C213_2030
265-61-7056,C214_2030
016-12-1700,C215_2030
275-28-1889,C216_2030
660-07-2367,C217_2030
630-01-7792,C218_2030
388-01-4885,C219_2030
400-11-5610,C220_2030
236-10-5542,C221_2030
240-15-9664,C213_2030
579-09-3357,C222_2030
410-67-1712,C223_2030
286-12-2697,C224_2030
585-17-6995,C225_2030
464-29-1933,C226_2030
601-12-5892,C227_2030
307-01-2490,C228_2030
427-62-7858,C229_2030
622-22-4715,C230_2030
461-47-0112,C231_2030
539-12-5874,C232_2030
585-03-6989,C233_2030
620-20-2954,C234_2030
643-66-7044,C235_2030
095-68-6934,C236_2030
491-38-0641,C237_2030
687-03-8775,C238_2030
453-02-8819,C239_2030
233-68-5626,C240_2030
512-96-6363,C241_2030
444-60-0699,C242_2030
282-03-3068,C243_2030
538-66-8825,C244_2030
646-52-8842,C245_2030
626-18-4966,C168_2030
256-43-1915,C246_2030
645-56-8093,C247_2030
298-54-9019,C248_2030
621-50-1723,C249_2030
222-62-6397,C250_2030
406-52-4513,C251_2030
274-98-2730,C252_2030
266-44-6921,C253_2030
535-25-9568,C254_2030
112-62-7563,C255_2030
174-05-9664,C256_2030
343-22-4940,C257_2030
178-58-4381,C258_2030
462-66-1099,C259_2030
477-46-0839,C260_2030
686-01-4603,C261_2030
390-24-7202,C262_2030
423-09-3418,C263_2030
625-10-3422,C264_2030
505-15-3391,C265_2030
402-32-5277,C266_2030
679-03-5238,C267_2030
461-94-0091,C211_2030
372-52-5725,C268_2030
486-76-4196,C269_2030
283-64-0442,C270_2030
267-57-5267,C271_2030
380-94-5205,C31_2030
408-16-4376,C272_2030
591-20-3269,C273_2030
641-42-3648,C274_2030
364-44-4144,C275_2030
261-23-3503,C276_2030
687-05-8494,C277_2030
124-32-8419,C278_2030
606-05-7033,C76_2030
465-61-9641,C279_2030
334-74-5855,C280_2030
458-91-7850,C281_2030
510-26-5272,C282_2030
184-52-6653,C283_2030
223-79-0383,C284_2030
767-18-2135,C285_2030
594-72-2474,C286_2030
767-16-2194,C287_2030
341-24-0044,C288_2030
504-46-2874,C289_2030
015-82-5510,C290_2030
053-74-7877,C291_2030
311-66-5315,C292_2030
441-02-8925,C293_2030
650-18-5670,C294_2030
517-50-9406,C295_2030
577-50-9378,C296_2030
608-54-1684,C297_2030
682-01-6856,C298_2030
030-44-0335,C299_2030
146-24-6635,C300_2030
232-09-5636,C301_2030
611-14-3256,C302_2030
018-38-7254,C303_2030
009-14-8074,C304_2030
239-73-1363,C305_2030
547-27-4411,C306_2030
038-52-6622,C307_2030
608-08-1693,C308_2030
414-45-8659,C309_2030
146-14-6640,C105_2030
542-29-3528,C310_2030
536-11-7772,C311_2030
490-46-4666,C312_2030
061-70-1780,C313_2030
675-03-4226,C314_2030
051-20-3438,C315_2030
300-42-7258,C316_2030
637-50-8593,C317_2030
385-18-8276,C318_2030
662-07-8864,C319_2030
094-78-4576,C320_2030
617-16-2058,C321_2030
513-21-3521,C322_2030
467-10-5860,C323_2030
308-40-8904,C324_2030
401-66-7837,C325_2030
251-67-1413,C326_2030
768-18-2640,C327_2030
377-14-7868,C328_2030
132-42-2498,C329_2030
622-74-4679,C330_2030
283-44-0444,C331_2030
286-38-2698,C332_2030
258-10-5443,C333_2030
594-53-2478,C334_2030
530-08-5479,C335_2030
644-60-2535,C336_2030
540-26-3099,C337_2030
494-58-9090,C338_2030
333-03-0018,C339_2030
143-82-3281,C340_2030
019-20-0099,C341_2030
085-46-2606,C141_2030
045-50-6420,C342_2030
604-16-8597,C343_2030
339-05-2341,C344_2030
604-80-8598,C345_2030
184-66-6635,C346_2030
672-03-3331,C347_2030
260-41-7009,C348_2030
011-01-5367,C349_2030
466-55-2315,C350_2030
224-42-7022,C351_2030
551-71-9615,C352_2030
626-26-4955,C353_2030
690-01-2407,C354_2030
307-02-2491,C355_2030
540-15-3106,C356_2030
250-72-4056,C357_2030
358-50-7125,C358_2030
533-24-0254,C359_2030
579-88-3359,C296_2030
372-36-5733,C360_2030
435-38-7396,C361_2030
477-04-0846,C362_2030
497-76-5744,C363_2030
585-51-6993,C364_2030
646-36-8871,C365_2030
553-51-6700,C366_2030
020-54-4573,C367_2030
669-14-7155,C368_2030
131-09-3108,C369_2030
391-54-2305,C370_2030
508-92-0781,C371_2030
175-62-8576,C372_2030
670-03-0626,C373_2030
606-29-7011,C6_2030
602-54-8270,C374_2030
461-28-0087,C375_2030
262-57-7925,C376_2030
438-57-7407,C377_2030
503-05-8323,C378_2030
233-03-5647,C379_2030
567-69-6712,C380_2030
379-24-4894,C381_2030
655-03-5877,C382_2030
480-66-7478,C383_2030
238-17-1885,C384_2030
165-64-3527,C385_2030
115-05-7466,C386_2030
649-03-9165,C387_2030
509-94-3340,C388_2030
266-28-6900,C389_2030
560-27-5888,C390_2030
234-28-8692,C391_2030
357-90-5100,C392_2030
083-48-9377,C393_2030
374-86-7959,C394_2030
364-09-4177,C395_2030
595-34-5119,C396_2030
189-40-8089,C397_2030
227-42-5781,C398_2030
067-28-1275,C399_2030
536-03-7773,C400_2030
063-40-6446,C401_2030
478-16-6852,C402_2030
267-28-5261,C403_2030
145-70-4258,C404_2030
421-96-8298,C405_2030
643-54-7005,C134_2030
325-34-5867,C406_2030
219-84-6166,C407_2030
196-78-1787,C346_2030
121-07-4468,C408_2030
351-84-4397,C409_2030
617-15-2024,C410_2030
402-32-5250,C411_2030
570-24-3980,C412_2030
627-78-4888,C413_2030
143-30-3258,C414_2030
365-40-1160,C415_2030
667-09-8094,C416_2030
147-70-5918,C417_2030
148-14-5466,C418_2030
294-10-4435,C419_2030
088-10-3112,C420_2030
368-01-2433,C421_2030
564-29-3053,C422_2030
332-74-0989,C423_2030
398-62-4290,C424_2030
270-80-7059,C425_2030
232-52-5676,C426_2030
307-12-2497,C427_2030
633-10-7740,C428_2030
539-64-5884,C429_2030
678-05-1487,C430_2030
647-38-5076,C431_2030
551-12-9616,C432_2030
097-62-7422,C433_2030
295-82-2029,C434_2030
656-05-7012,C435_2030
121-32-4459,C436_2030
626-33-4962,C437_2030
561-91-8216,C438_2030
767-10-2153,C439_2030
600-98-1473,C440_2030
237-90-7622,C441_2030
686-01-4463,C442_2030
590-10-5655,C443_2030
270-18-7070,C444_2030
114-56-6661,C445_2030
002-58-7109,C446_2030
403-24-5889,C447_2030
526-35-9361,C448_2030
188-40-2236,C449_2030
667-16-8101,C450_2030
682-01-6868,C451_2030
263-70-3466,C452_2030
470-08-4662,C453_2030
567-66-6740,C454_2030
377-34-7884,C455_2030
314-27-1633,C456_2030
556-98-8562,C457_2030
234-50-8687,C458_2030
684-01-6200,C459_2030
229-05-5129,C460_2030
559-49-1932,C461_2030
072-28-2908,C462_2030
219-43-6153,C463_2030
342-12-4200,C464_2030
169-82-5200,C465_2030
023-44-0099,C466_2030
259-46-2790,C467_2030
405-76-9302,C468_2030
680-34-3421,C469_2030
661-07-4317,C470_2030
538-72-8836,C359_2030
160-60-2552,C471_2030
117-72-0120,C472_2030
544-18-6673,C473_2030
365-94-1170,C474_2030
647-36-5089,C475_2030
771-03-1643,C476_2030
128-72-1327,C477_2030
477-30-0857,C478_2030
282-78-3099,C479_2030
345-68-4647,C480_2030
099-30-8859,C481_2030
284-82-9230,C482_2030
490-02-4652,C483_2030
612-02-4958,C484_2030
512-26-6367,C485_2030
142-01-2568,C486_2030
426-08-2679,C487_2030
557-33-5715,C488_2030
130-14-2074,C489_2030
273-09-8312,C490_2030
559-85-1940,C491_2030
434-40-7803,C492_2030
602-96-8260,C493_2030
552-57-2610,C494_2030
369-03-0049,C495_2030
109-07-1680,C369_2030
498-76-5202,C496_2030
616-04-6449,C321_2030
389-22-4290,C497_2030
319-88-8184,C498_2030
643-22-7013,C499_2030
154-42-3461,C500_2030
444-18-0716,C501_2030
376-09-1125,C502_2030
614-66-8378,C503_2030
488-66-5473,C504_2030
048-16-5164,C505_2030
411-68-4291,C506_2030
622-82-4708,C507_2030
207-68-2637,C508_2030
617-82-2033,C509_2030
527-52-2984,C510_2030
544-12-6668,C511_2030
002-64-7144,C512_2030
375-40-2066,C502_2030
443-40-2447,C513_2030
255-43-4876,C514_2030
300-60-7257,C434_2030
439-29-4588,C515_2030
633-54-7753,C516_2030
644-10-2556,C517_2030
522-62-6703,C518_2030
496-42-4255,C519_2030
316-90-4712,C520_2030
047-14-9507,C521_2030
377-18-7879,C522_2030
463-98-4674,C87_2030
487-16-3816,C523_2030
619-78-3539,C195_2030
503-10-8304,C524_2030
424-14-7755,C525_2030
236-10-5533,C526_2030
156-88-6031,C527_2030
637-07-8620,C528_2030
351-74-4398,C529_2030
370-56-1517,C530_2030
376-60-1097,C531_2030
415-04-5027,C532_2030
495-24-8696,C533_2030
471-30-1622,C534_2030
214-35-0048,C535_2030
601-28-5870,C198_2030
042-20-1242,C536_2030
680-46-3480,C537_2030
635-18-8008,C538_2030
652-28-8391,C539_2030
630-70-7751,C540_2030
403-40-5889,C541_2030
615-46-8911,C542_2030
390-24-7170,C543_2030
052-86-2451,C544_2030
517-26-9417,C545_2030
559-41-1938,C546_2030
192-26-7357,C547_2030
449-53-3215,C548_2030
545-94-1734,C549_2030
326-28-4836,C550_2030
050-48-4423,C551_2030
230-67-7401,C552_2030
263-18-3474,C553_2030
671-03-5576,C554_2030
104-86-5583,C555_2030
507-92-0053,C556_2030
080-22-4948,C557_2030
076-20-1490,C558_2030
767-26-2105,C559_2030
147-92-5910,C560_2030
470-09-4656,C561_2030
399-96-8666,C223_2030
157-12-8455,C562_2030
657-05-4019,C563_2030
160-05-2558,C564_2030
559-34-1933,C565_2030
543-56-9034,C566_2030
532-29-4118,C567_2030
258-56-5442,C568_2030
082-76-2681,C569_2030
264-61-4269,C570_2030
133-20-6190,C571_2030
127-14-3952,C558_2030
262-24-7939,C572_2030
260-25-7014,C573_2030
454-47-6900,C574_2030
440-46-2251,C575_2030
071-10-0745,C576_2030
680-40-3418,C577_2030
488-90-5460,C578_2030
218-32-0141,C579_2030
557-21-5713,C580_2030
501-94-9324,C581_2030
262-27-7927,C582_2030
099-14-8869,C583_2030
475-28-3765,C584_2030
511-18-9248,C585_2030
153-04-4911,C586_2030
415-32-5049,C587_2030
575-39-4207,C588_2030
431-90-8203,C589_2030
506-54-9774,C590_2030
428-33-6561,C591_2030
049-42-3626,C592_2030
437-70-2639,C593_2030
399-32-8675,C594_2030
509-05-3321,C595_2030
100-60-6845,C596_2030
073-62-5392,C597_2030
771-01-1609,C598_2030
137-26-9037,C599_2030
566-18-5659,C600_2030
511-90-9253,C601_2030
767-03-2278,C602_2030
007-76-2629,C603_2030
644-09-2549,C604_2030
424-52-7767,C605_2030
008-14-3824,C606_2030
640-72-9496,C607_2030
214-18-0059,C608_2030
309-28-6584,C609_2030
508-31-0782,C610_2030
620-58-2954,C611_2030
665-01-4286,C612_2030
432-69-7597,C613_2030
521-58-4949,C614_2030
548-52-2553,C615_2030
350-54-0698,C616_2030
610-42-6353,C617_2030
177-52-9460,C618_2030
600-26-1493,C619_2030
660-03-2637,C620_2030
015-40-5513,C621_2030
595-11-5107,C622_2030
414-03-8611,C623_2030
003-12-0072,C624_2030
406-44-4516,C625_2030
609-66-3552,C191_2030
447-84-8943,C626_2030
406-34-4557,C627_2030
475-90-3767,C628_2030
621-16-1720,C629_2030
213-94-3556,C630_2030
558-09-1789,C117_2030
402-36-5258,C631_2030
190-46-7873,C632_2030
147-86-5907,C633_2030
450-42-6459,C634_2030
600-64-1494,C635_2030
401-28-7848,C636_2030
153-44-4902,C637_2030
231-07-0712,C638_2030
308-05-8906,C639_2030
477-21-0840,C640_2030
247-90-8535,C641_2030
680-30-3400,C642_2030
467-66-5861,C643_2030
237-03-7637,C644_2030
593-26-9013,C645_2030
591-14-3281,C646_2030
667-05-8078,C647_2030
398-78-4295,C648_2030
569-02-6201,C580_2030
329-12-8355,C649_2030
330-76-6208,C650_2030
587-42-9759,C651_2030
501-54-9309,C652_2030
561-18-8214,C653_2030
445-42-0190,C654_2030
413-51-8605,C655_2030
478-28-6849,C656_2030
110-28-4194,C657_2030
258-76-5428,C658_2030
622-12-4700,C659_2030
251-37-1414,C660_2030
341-74-0036,C661_2030
448-04-2956,C662_2030
112-34-7561,C663_2030
241-66-7387,C664_2030
410-56-1728,C665_2030
401-07-7848,C666_2030
200-40-1767,C667_2030
046-14-2195,C668_2030
277-92-0228,C669_2030
229-58-5133,C670_2030
382-16-4221,C671_2030
462-12-1120,C672_2030
295-03-2037,C673_2030
514-68-3840,C674_2030
470-16-4667,C675_2030
386-76-8618,C676_2030
488-12-5469,C677_2030
083-50-9375,C678_2030
169-54-5211,C679_2030
535-98-9567,C680_2030
426-38-2691,C681_2030
570-40-3963,C682_2030
265-13-7056,C683_2030
400-22-5623,C684_2030
611-60-3275,C685_2030
480-26-7444,C686_2030
208-12-6823,C687_2030
337-34-2178,C688_2030
088-56-3118,C689_2030
767-01-2211,C690_2030
622-18-4701,C691_2030
679-01-5597,C692_2030
343-24-4946,C693_2030
225-01-5512,C694_2030
531-12-8221,C695_2030
220-72-0578,C696_2030
063-24-6446,C697_2030
432-67-7596,C698_2030
576-24-5351,C699_2030
546-20-7159,C700_2030
080-74-4950,C701_2030
342-64-4198,C702_2030
772-07-8371,C703_2030
482-98-3483,C704_2030
455-20-6258,C705_2030
574-72-4995,C706_2030
410-47-1737,C707_2030
575-24-4233,C708_2030
446-80-8248,C709_2030
192-68-7342,C710_2030
051-22-3423,C711_2030
251-32-1424,C712_2030
266-40-6928,C713_2030
422-23-4741,C714_2030
257-57-6676,C715_2030
433-18-5123,C716_2030
165-46-3511,C717_2030
315-80-7789,C718_2030
175-10-8583,C719_2030
591-24-3270,C720_2030
300-54-7255,C721_2030
549-48-6194,C722_2030
517-46-9392,C723_2030
228-36-6836,C724_2030
268-44-7281,C725_2030
074-03-0917,C726_2030
350-01-0717,C212_2030
472-17-2098,C727_2030
541-20-0890,C511_2030
224-82-7003,C728_2030
140-26-7018,C729_2030
275-34-1884,C730_2030
209-12-0566,C731_2030
576-59-5349,C708_2030
569-82-6199,C732_2030
609-18-3562,C733_2030
297-72-8184,C734_2030
250-15-4052,C641_2030
678-05-1527,C735_2030
678-01-1522,C29_2030
558-10-1770,C736_2030
556-19-8517,C737_2030
265-61-7054,C738_2030
230-26-7401,C739_2030
260-24-7022,C740_2030
175-60-8577,C741_2030
615-24-8895,C742_2030
388-08-4876,C743_2030
571-13-6219,C744_2030
682-01-7509,C745_2030
511-32-9246,C746_2030
163-18-1061,C718_2030
331-76-7552,C747_2030
064-58-7817,C380_2030
189-22-8076,C748_2030
032-72-9556,C749_2030
537-13-5081,C750_2030
043-46-7229,C751_2030
633-46-7747,C752_2030
258-80-5436,C753_2030
257-87-6670,C754_2030
303-16-5900,C755_2030
484-72-4314,C104_2030
652-22-8396,C756_2030
149-07-5394,C757_2030
244-29-8914,C758_2030
531-35-8235,C759_2030
429-06-7312,C760_2030
594-86-2473,C286_2030
642-84-4709,C239_2030
229-48-5129,C761_2030
679-01-5559,C762_2030
487-84-3808,C763_2030
468-76-2578,C764_2030
622-15-4716,C765_2030
550-03-7092,C766_2030
396-22-7206,C767_2030
057-46-3467,C768_2030
386-80-8644,C769_2030
269-58-5644,C770_2030
547-26-4398,C771_2030
594-24-2499,C772_2030
008-60-3816,C773_2030
485-01-3400,C774_2030
416-24-3558,C775_2030
681-01-7026,C776_2030
315-82-7798,C777_2030
001-38-4065,C778_2030
632-24-2425,C779_2030
195-03-7954,C780_2030
035-42-5400,C781_2030
559-24-1941,C782_2030
248-40-6516,C783_2030
522-64-6698,C784_2030
351-78-4404,C785_2030
300-12-7267,C786_2030
408-90-4362,C787_2030
241-19-7386,C788_2030
173-76-3181,C789_2030
266-26-6908,C790_2030
254-74-7631,C791_2030
615-22-8921,C792_2030
379-42-4909,C793_2030
526-77-9369,C794_2030
412-34-7544,C795_2030
291-34-0947,C796_2030
488-60-5472,C797_2030
172-64-6731,C798_2030
073-74-5380,C799_2030
504-86-2863,C289_2030
269-52-5651,C800_2030
660-09-2357,C801_2030
391-70-2298,C802_2030
501-52-9313,C803_2030
252-34-2657,C804_2030
649-24-9127,C805_2030
527-58-2978,C806_2030
296-58-6846,C807_2030
650-30-5652,C539_2030
611-06-3304,C808_2030
386-72-8631,C809_2030
571-32-6220,C810_2030
577-86-9378,C811_2030
217-16-1571,C812_2030
236-92-5539,C813_2030
536-66-7761,C814_2030
220-03-0598,C815_2030
484-96-4330,C816_2030
265-39-7055,C772_2030
323-20-0478,C817_2030
609-70-3568,C611_2030
587-24-9772,C818_2030
041-98-0439,C819_2030
417-15-3151,C820_2030
378-29-0099,C821_2030
441-74-8946,C822_2030
489-84-6143,C823_2030
769-05-2150,C824_2030
350-20-0689,C825_2030
540-05-3106,C826_2030
457-22-6425,C281_2030
523-45-2540,C827_2030
400-28-5614,C828_2030
688-03-2766,C829_2030
383-11-0274,C830_2030
684-01-6223,C831_2030
570-50-3975,C832_2030
538-52-8830,C833_2030
625-92-3424,C834_2030
557-23-5723,C835_2030
215-20-2408,C836_2030
208-07-6832,C837_2030
681-01-7075,C838_2030
477-46-0856,C839_2030
644-76-2550,C840_2030
377-26-7885,C841_2030
239-11-1364,C188_2030
503-88-8310,C842_2030
448-08-2959,C843_2030
279-12-0071,C844_2030
464-70-1917,C845_2030
302-20-3545,C846_2030
167-72-3807,C847_2030
214-82-0044,C848_2030
229-42-5134,C849_2030
077-46-1558,C850_2030
228-24-6826,C851_2030
501-42-9331,C852_2030
299-07-6255,C853_2030
104-66-5589,C854_2030
629-07-4950,C855_2030
560-15-5889,C856_2030
405-68-9299,C857_2030
173-24-3187,C858_2030
551-56-9631,C859_2030
619-46-3539,C860_2030
254-12-7627,C701_2030
363-70-2960,C861_2030
610-33-6335,C862_2030
394-02-7080,C219_2030
412-47-7561,C863_2030
670-09-0584,C864_2030
068-74-8236,C865_2030
670-05-0646,C866_2030
429-33-7314,C867_2030
164-64-5182,C868_2030
487-68-3812,C869_2030
384-20-2235,C870_2030
460-04-4579,C871_2030
508-12-0770,C598_2030
537-40-5070,C872_2030
765-28-4526,C873_2030
439-62-4585,C874_2030
238-96-1885,C875_2030
620-08-2944,C876_2030
627-32-4912,C877_2030
630-03-7784,C878_2030
631-38-4610,C879_2030
400-80-5640,C631_2030
091-12-7094,C880_2030
552-62-2602,C881_2030
301-28-8196,C882_2030
500-52-8321,C883_2030
224-42-7038,C884_2030
410-33-1725,C885_2030
554-60-7188,C886_2030
250-29-4071,C887_2030
460-75-4573,C888_2030
772-20-8560,C889_2030
554-66-7187,C890_2030
267-08-5247,C891_2030
186-38-3503,C892_2030
278-38-3671,C893_2030
609-80-3545,C894_2030
571-12-6235,C895_2030
461-78-0093,C896_2030
476-15-1463,C897_2030
250-02-4043,C898_2030
269-76-5662,C899_2030
331-46-7561,C900_2030
353-28-8620,C901_2030
400-51-5606,C207_2030
321-22-6413,C902_2030
444-76-0718,C709_2030
527-56-2976,C903_2030
060-24-3344,C904_2030
555-18-3138,C832_2030
010-78-3163,C466_2030
566-71-5666,C905_2030
576-86-5358,C906_2030
626-48-4987,C907_2030
283-20-0446,C908_2030
183-66-3222,C909_2030
410-30-1710,C910_2030
221-05-9042,C911_2030
538-35-8848,C912_2030
411-83-4267,C913_2030
180-20-0064,C914_2030
400-04-5625,C915_2030
537-78-5071,C916_2030
148-44-5431,C917_2030
285-14-2213,C918_2030
503-22-8316,C289_2030
414-57-8615,C919_2030
472-48-2109,C920_2030
481-30-3066,C921_2030
605-02-1795,C922_2030
127-58-3956,C923_2030
101-32-7272,C924_2030
232-03-5658,C925_2030
147-12-5923,C926_2030
650-05-5673,C927_2030
536-96-7795,C928_2030
270-34-7070,C134_2030
639-32-3849,C929_2030
448-38-2990,C930_2030
030-01-0331,C931_2030
400-21-5627,C932_2030
346-09-8414,C933_2030
235-78-5365,C934_2030
411-43-4270,C935_2030
107-66-1908,C936_2030
254-57-7639,C937_2030
228-74-6829,C938_2030
387-04-8488,C380_2030
309-68-6573,C939_2030
104-80-5585,C940_2030
683-03-0524,C941_2030
469-25-9805,C942_2030
568-96-4436,C943_2030
680-38-3494,C944_2030
605-23-1796,C945_2030
435-38-7399,C946_2030
